時間地點,消防員因公傷亡,消防車,救災車,消防勤務車,救護車輛,消防人力總計,土地面積(平方公里),人口數(人),消防車/土地面積(平方公里),消防車/人口數(人),救災車/土地面積(平方公里),救災車/人口數(人),消防勤務車/土地面積(平方公里),消防勤務車/人口數(人),救護車輛/土地面積(平方公里),救護車輛/人口數(人),消防人力總計/土地面積(平方公里),消防人力總計/人口數(人)
102年臺東縣,0,51,17,100,30,285,3515.2526,224821,0.014508203478748583,0.00022684713616610548,0.0048360678262495274,7.56157120553685e-05,0.02844745780146781,0.00044479830620804996,0.008534237340440343,0.00013343949186241498,0.08107525473418326,0.0012676751726929424,
94年彰化縣,5,93,13,125,49,414,1074.396,1315826,0.08656026269643595,7.067803797766573e-05,0.012099821667243736,9.87972573881349e-06,0.11634443910811285,9.499736287320663e-05,0.04560702013038023,3.7238966246297e-05,0.3853327823260697,0.0003146312658360604,
101年金門縣,0,23,10,16,11,70,151.656,113111,0.1516590177770744,0.00020334008186648512,0.06593870338133671,8.840873124629789e-05,0.10550192541013872,0.0001414539699940766,0.07253257371947038,9.724960437092767e-05,0.4615709236693569,0.0006188611187240852,
102年新竹縣,10,65,14,122,38,337,1427.5369,530486,0.045532973613501684,0.00012252915251297866,0.009807102009061902,2.6390894387410788e-05,0.08546188893611086,0.00022997779394743687,0.02661927688173945,7.163242762297214e-05,0.2360709555038472,0.000635266529182674,
96年彰化縣,0,112,15,128,53,453,1074.396,1314354,0.1042446174408691,8.521296393513467e-05,0.013961332692973541,1.1412450527026966e-05,0.11913670564670754,9.738624449729678e-05,0.049330042181839846,4.032399186216194e-05,0.4216322473278009,0.00034465600591621434,
94年金門縣,0,21,14,26,10,56,153.056,70264,0.13720468325318835,0.0002988728224980075,0.0914697888354589,0.000199248548332005,0.16987246498013797,0.0003700330183308665,0.06533556345389922,0.00014232039166571788,0.3658791553418356,0.00079699419332802,
94年連江縣,0,14,0,12,7,21,28.8,10345,0.4861111111111111,0.0013533107781536974,0.0,0.0,0.41666666666666663,0.0011599806669888835,0.24305555555555555,0.0006766553890768487,0.7291666666666666,0.002029966167230546,
95年屏東縣,5,97,17,126,36,328,2775.6003,893544,0.034947394983348284,0.00010855648966363156,0.006124801182648669,1.9025364167852956e-05,0.0453955852361019,0.00014101152265585132,0.012970167210314828,4.0289006473100376e-05,0.11817263458286843,0.0003670776145326923,
96年桃園縣,23,157,35,230,85,859,1220.954,1934968,0.12858797301126823,8.113829272628797e-05,0.028666108633085278,1.8088154429427257e-05,0.18837728530313183,0.00011886501482195055,0.06961769239463567,4.392837504289477e-05,0.7035482090234358,0.0004439349901393718,
100年雲林縣,5,61,45,46,30,366,1290.8326,713556,0.04725632123018895,8.548733386027165e-05,0.034861220579647585,6.306442661823319e-05,0.03563591437030642,6.44658583208606e-05,0.02324081371976506,4.2042951078822125e-05,0.2835379273811337,0.0005129240031616299,
94年基隆市,1,46,31,57,17,179,132.7589,391727,0.34649277750870183,0.00011742871949086992,0.23350600223412515,7.913674574384712e-05,0.4293497460433914,0.00014550950023868665,0.12805167864452024,4.339757024662584e-05,1.3483088516099484,0.00045695088671447205,
95年苗栗縣,3,51,18,85,24,230,1820.3149,559986,0.028017130442650334,9.107370541406393e-05,0.009888398979758942,3.2143660734375504e-05,0.046695217404417226,0.00015178950902343987,0.013184531973011922,4.285821431250067e-05,0.12635176474136425,0.0004107245538281314,
94年花蓮縣,1,55,11,73,25,142,4628.5714,347298,0.011882716122732817,0.00015836543832673956,0.0023765432245465633,3.1673087665347915e-05,0.015771605035627193,0.00021019412723367252,0.005401234601242189,7.198429014851799e-05,0.030679012535055634,0.00040887076804358216,
94年新北市,1,254,40,380,115,923,2052.5667,3736677,0.1237475011165289,6.797483432472221e-05,0.01948779545142187,1.0704698318853892e-05,0.18513405678850778,0.00010169463402911196,0.05602741192283788,3.0776007666704936e-05,0.4496808800415597,0.00024701091370755356,
97年高雄市,2,235,82,177,120,1209,2946.2671,2769054,0.07976194690562848,8.486652842450887e-05,0.02783182828196398,2.9613001407700968e-05,0.060076019584239325,6.392074694101307e-05,0.04072950480287412,4.333609962102581e-05,0.41034976088895675,0.000436611203681835,
97年苗栗縣,2,51,27,84,27,251,1820.3149,560397,0.028017130442650334,9.100691117190135e-05,0.014832598469638412,4.818012944394777e-05,0.04614586190554173,0.00014989373604783752,0.014832598469638412,4.818012944394777e-05,0.13788823021774968,0.0004478967589048478,
102年新竹市,3,38,23,65,14,224,104.1526,428483,0.36484926924531885,8.868496533118e-05,0.2208298208590088,5.367774217413526e-05,0.624084276340677,0.00015169796701386051,0.13441815182722275,3.267340827990842e-05,2.150690429235564,0.0005227745324785347,
100年新竹縣,14,64,22,108,43,335,1427.5369,517641,0.04483246632714012,0.0001236378107607396,0.015411160299954417,4.250049744900423e-05,0.07565478692704895,0.00020863880565874805,0.03012181331354727,8.30691541048719e-05,0.2346699409311241,0.0006471666657007463,
94年宜蘭縣,0,40,4,40,19,156,2143.6251,461586,0.018659979303283954,8.665774091935197e-05,0.0018659979303283954,8.665774091935197e-06,0.018659979303283954,8.665774091935197e-05,0.008863490169059879,4.1162426936692186e-05,0.07277391928280742,0.0003379651895854727,
99年高雄市,3,242,95,252,127,1264,2946.2671,2773483,0.08213783468579614,8.725490655612455e-05,0.03224419130227534,3.4252959185255504e-05,0.08553196008603564,9.086048120720408e-05,0.043105392583041774,4.5790798068709995e-05,0.429017450590274,0.0004557446358964522,
95年雲林縣,0,61,41,43,25,326,1290.8326,728490,0.04725632123018895,8.373484879682632e-05,0.031762445417012244,5.628080001098162e-05,0.03331183299832992,5.902620488956609e-05,0.01936734476647088,3.4317560982305866e-05,0.2525501757547803,0.0004475009952092685,
101年苗栗縣,3,68,53,144,25,368,1820.3149,563976,0.03735617392353378,0.00012057250663148787,0.029115841440401326,9.397563016865965e-05,0.07910719183807154,0.00025533001404315077,0.013733887471887418,4.4328127438047006e-05,0.2021628235861828,0.000652510035888052,
100年屏東縣,2,96,39,132,52,558,2775.6003,864529,0.03458711256083954,0.00011104312290275977,0.014051014477841064,4.511126867924616e-05,0.04755727977115437,0.00015268429399129468,0.018734685970454752,6.014835823899487e-05,0.20103759175987984,0.0006454381518722911,
102年花蓮縣,0,58,13,83,29,223,4628.5714,333897,0.012530864274881879,0.0001737062627097578,0.0028086419926459383,3.893416233149744e-05,0.017932098876124066,0.0002485796518087913,0.006265432137440939,8.68531313548789e-05,0.048179012643080325,0.0006678706307633791,
100年高雄市,2,221,93,246,127,1480,2947.6159,2774470,0.07497584742978215,7.965485299895116e-05,0.03155092222158254,3.3519915515395735e-05,0.08345727813450865,8.866558297620807e-05,0.04308566798001056,4.577450828446514e-05,0.5021006977198081,0.0005334352146536095,
96年臺北市,74,262,69,323,76,1514,271.7997,2629269,0.9639451404839667,9.964746855494817e-05,0.25386341486028136,2.6243035611799326e-05,1.1883751159401574,0.00012284783337117655,0.2796176743388606,2.8905372557923895e-05,5.570278407224144,0.0005758254480617997,
94年桃園縣,8,157,34,199,76,678,1220.954,1880316,0.12858797301126823,8.349660376234633e-05,0.02784707695785427,1.8082067056813855e-05,0.1629873033709706,0.00010583327483252816,0.0622464073175566,4.0418738126995674e-05,0.5553034758066233,0.0003605776901329351,
101年屏東縣,5,113,40,117,56,557,2775.6003,858441,0.04071191374348821,0.0001316339736801947,0.014411296900349809,4.6596096877945017e-05,0.04215304343352319,0.00013629358336798917,0.020175815660489732,6.523453562912302e-05,0.20067730933737107,0.0006488506490253844,
100年嘉義市,2,35,14,69,14,214,60.0256,271526,0.5830845505917476,0.00012890109971052497,0.23323382023669903,5.1560439884209984e-05,1.1495095425951594,0.0002541193108578921,0.23323382023669903,5.1560439884209984e-05,3.565145537903828,0.0007881381525157812,
99年澎湖縣,0,28,12,78,15,161,126.8641,96918,0.22070861654321436,0.00028890402195670564,0.094589407089949,0.00012381600941001672,0.6148311460846686,0.0008048040611651087,0.11823675886243627,0.0001547700117625209,1.2690745451234826,0.0016611981262510576,
96年連江縣,0,7,1,21,7,25,28.8,9946,0.24305555555555555,0.0007038005228232455,0.034722222222222224,0.00010054293183189222,0.7291666666666666,0.0021114015684697367,0.24305555555555555,0.0007038005228232455,0.8680555555555556,0.0025135732957973053,
98年金門縣,0,23,10,23,10,72,151.656,93803,0.1516590177770744,0.00024519471658688956,0.06593870338133671,0.00010660639851603894,0.1516590177770744,0.00024519471658688956,0.06593870338133671,0.00010660639851603894,0.4747586643456243,0.0007675660693154803,
94年屏東縣,5,93,15,125,39,318,2775.6003,898300,0.033506265293313305,0.00010352888789936547,0.005404236337631178,1.669820772570411e-05,0.04503530281359315,0.00013915173104753423,0.014051014477841064,4.341534008683068e-05,0.11456981035778098,0.0003540020037849271,
97年新竹縣,0,58,25,108,35,307,1427.5369,503273,0.04062942260897073,0.0001152456022874265,0.01751268215903911,4.96748285721666e-05,0.07565478692704895,0.0002145952594317597,0.024517755022654755,6.954476000103324e-05,0.21505573691300028,0.0006100068948662058,
102年臺南市,0,192,68,221,88,926,2191.6531,1883208,0.08760510502323565,0.00010195368753743611,0.03102680802906263,3.6108597669508625e-05,0.10083712609445354,0.00011735294242590303,0.04015233980231634,4.672877345465822e-05,0.422512121101647,0.0004917141388524263,
95年金門縣,0,21,9,23,10,68,153.056,76491,0.13720468325318835,0.0002745421029925089,0.0588020071085093,0.00011766090128250382,0.15027179594396822,0.00030068896994417643,0.06533556345389922,0.00013073433475833759,0.44428183148651473,0.0008889934763566955,
99年新北市,0,257,158,719,120,1983,2052.5667,3897367,0.12520908577538553,6.594195517127332e-05,0.0769767920331164,4.054019033875948e-05,0.35029312323930817,0.0001844835243896713,0.058463386354265616,3.0790017978804665e-05,0.9661074595042394,0.000508805047099747,
98年彰化縣,4,115,23,124,51,468,1074.396,1312467,0.10703688397946381,8.762125066763584e-05,0.021407376795892764,1.7524250133527166e-05,0.11541368359524794,9.44785659372769e-05,0.04746853115611004,3.885811986129937e-05,0.4355935800207745,0.0003565803940213354,
100年嘉義縣,3,57,22,100,32,391,1903.6367,537942,0.029942688119009263,0.00010595937852036094,0.01155682699330182,4.089660223592878e-05,0.05253103178773555,0.000185893646526949,0.016809930172075375,5.948596688862368e-05,0.205396334290046,0.0007268441579203706,
100年苗栗縣,2,66,51,146,29,365,1820.3149,562010,0.03625746292578279,0.00011743563281792139,0.028017130442650334,9.07457162683938e-05,0.08020590283582252,0.00025978185441540187,0.015931309467389406,5.160050532908667e-05,0.20051475708955632,0.0006494546360385047,
101年桃園縣,19,165,42,230,102,1022,1220.954,2030161,0.1351402264131163,8.127434228122795e-05,0.03439933035970233,2.068801439885802e-05,0.18837728530313183,0.00011329150742231774,0.08354123087356281,5.0242320682940907e-05,0.8370503720860901,0.0005034083503722118,
101年雲林縣,15,72,48,47,31,367,1290.8326,710991,0.05577795292743614,0.00010126710464689426,0.037185301951624096,6.75114030979295e-05,0.03641060816096526,6.610491553338931e-05,0.024015507510423893,4.360111450074614e-05,0.28431262117179257,0.0005161809361862527,
96年新北市,18,283,55,505,156,1159,2052.5667,3798015,0.13787615281880974,7.451260724352063e-05,0.026795718745705074,1.448124875757468e-05,0.24603341757420114,0.00013296419313773116,0.0760024022605453,4.107408738512091e-05,0.5646588732049488,0.0003051594056368919,
100年新竹市,0,37,21,66,13,233,104.1526,420052,0.35524797268623154,8.808433241598659e-05,0.2016272277408341,4.9993810290154554e-05,0.6336855728997643,0.00015712340376905718,0.12481685526813541,3.0948549227238534e-05,2.23710209826735,0.0005546932284574291,
97年新竹市,2,39,18,65,16,220,104.1526,405371,0.3744505658044062,9.620816486625831e-05,0.17282333806357209,4.4403768399811534e-05,0.624084276340677,0.00016034694144376386,0.1536207449453974,3.9470016355388025e-05,2.1122852429992145,0.0005427127248865854,
101年新北市,6,278,343,696,120,2087,2052.5667,3939305,0.135440178387382,7.057082404129662e-05,0.16710784599594256,8.707119656893792e-05,0.3390876408547406,0.0001766809119882822,0.058463386354265616,3.0462226204876242e-05,1.0167757276779361,0.000529788884079806,
98年新北市,0,287,131,717,119,1456,2052.5667,3873653,0.13982493236395194,7.40902708631878e-05,0.06382253010340663,3.381820725811011e-05,0.3493187334667371,0.00018509660003103014,0.05797619146798007,3.0720356211565673e-05,0.7093557544317561,0.00037587259364739174,
98年高雄市,7,245,93,254,114,1218,2946.2671,2770887,0.083156072305868,8.841934008857092e-05,0.03156536622222744,3.356325970709019e-05,0.08621078516608355,9.166739747957965e-05,0.038693029562730415,4.114206028611055e-05,0.4134044737491723,0.0004395704335831811,
101年花蓮縣,1,53,13,82,24,226,4628.5714,335190,0.01145061735463344,0.00015811927563471465,0.0028086419926459383,3.878397326889227e-05,0.01771604949207438,0.00024463736984993586,0.005185185217192502,7.160118141949342e-05,0.04882716079522939,0.0006742444583668964,
95年花蓮縣,1,50,11,73,19,149,4628.5714,345303,0.010802469202484379,0.00014480036373851372,0.0023765432245465633,3.185608002247302e-05,0.015771605035627193,0.00021140853105823003,0.004104938296944064,5.502413822063521e-05,0.032191358223403445,0.00043150508394077083,
99年臺東縣,3,41,17,96,24,176,3515.2526,230673,0.011663457698601802,0.00017774078457383395,0.0048360678262495274,7.369739848183359e-05,0.027309559489409097,0.00041617354436800146,0.006827389872352274,0.00010404338609200036,0.050067525730583345,0.000762984831341336,
101年澎湖縣,0,29,12,86,14,158,126.8641,98843,0.22859106713404345,0.0002933945752354744,0.094589407089949,0.00012140465182157563,0.6778907508113012,0.0008700666713879586,0.11035430827160718,0.0001416387604585049,1.2454271933509953,0.0015984945823174124,
97年金門縣,0,21,10,23,10,71,151.656,84570,0.1384712771008071,0.0002483150053210358,0.06593870338133671,0.00011824524062906468,0.1516590177770744,0.00027196405344684875,0.06593870338133671,0.00011824524062906468,0.4681647940074906,0.0008395412084663593,
94年臺中市,16,179,76,227,74,744,2214.8968,2566220,0.08081640643482803,6.975239846934402e-05,0.03431311111199402,2.9615543484190754e-05,0.10248784503187688,8.845695224883291e-05,0.033410134503783655,2.8836187076712052e-05,0.33590729825425725,0.00028992058358207794,
99年連江縣,0,9,3,15,8,27,28.8,9944,0.3125,0.0009050683829444891,0.10416666666666666,0.00030168946098149636,0.5208333333333334,0.0015084473049074819,0.2777777777777778,0.0008045052292839903,0.9375,0.0027152051488334673,
102年宜蘭縣,1,55,35,21,28,216,2143.6251,458456,0.025657471542015437,0.00011996789222957055,0.01632748189037346,7.634320414609036e-05,0.009796489134224077,4.5805922487654216e-05,0.013061985512298768,6.107456331687228e-05,0.10076388823773336,0.0004711466313015862,
99年嘉義市,3,35,13,70,16,212,60.0256,272390,0.5830845505917476,0.00012849223539777524,0.21657426164836338,4.772568743345938e-05,1.1661691011834951,0.00025698447079555047,0.26655293741337033,5.873930761041154e-05,3.531826420727157,0.000778295825837953,
95年連江縣,0,12,5,21,7,24,28.8,9786,0.41666666666666663,0.001226241569589209,0.1736111111111111,0.0005109339873288372,0.7291666666666666,0.002145922746781116,0.24305555555555555,0.000715307582260372,0.8333333333333333,0.002452483139178418,
94年臺北市,33,242,81,413,70,1467,271.7997,2616375,0.8903615419737403,9.249438631694615e-05,0.2980135739664172,3.0958864841622474e-05,1.5195013092361767,0.0001578519898714825,0.25754259478579267,2.675457455448856e-05,5.397356950725111,0.000560699441020496,
97年花蓮縣,2,45,17,82,19,219,4628.5714,341433,0.00972222228223594,0.00013179745367319502,0.0036728395288446888,4.979014916542924e-05,0.01771604949207438,0.00024016424891559984,0.004104938296944064,5.564781377312679e-05,0.047314815106881576,0.0006414142745428826,
102年連江縣,0,12,4,16,6,31,28.8,12165,0.41666666666666663,0.0009864364981504315,0.1388888888888889,0.00032881216605014385,0.5555555555555556,0.0013152486642005754,0.20833333333333331,0.0004932182490752158,1.0763888888888888,0.002548294286888615,
102年基隆市,5,36,32,51,18,233,132.7589,374914,0.27116826065898403,9.602202105016084e-05,0.24103845391909692,8.535290760014297e-05,0.3841550359335607,0.00013603119648772786,0.13558413032949201,4.801101052508042e-05,1.7550612425984244,0.0006214758584635409,
95年新竹縣,11,52,15,72,29,273,1427.5369,487692,0.03642637889080135,0.00010662467294932047,0.010507609295423466,3.075711719691937e-05,0.050436524618032635,0.00014763416254521297,0.020314711304485367,5.946375991404411e-05,0.19123848917670708,0.0005597795329839324,
102年桃園縣,30,162,51,251,96,1024,1220.954,2044023,0.13268313138742327,7.92554682603865e-05,0.04177061543678141,2.495079556345501e-05,0.205576950482983,0.0001227970526750433,0.07862704082217677,4.696620341356237e-05,0.8386884354365521,0.0005009728364113319,
95年南投縣,0,81,37,102,25,318,4106.436,535205,0.019725133911742448,0.00015134387757961902,0.00901024635474655,6.91323885240235e-05,0.024839057518490488,0.00019058117917433506,0.006088004293747669,4.671107332704291e-05,0.07743941461647035,0.0005941648527199858,
100年連江縣,0,12,4,16,6,32,28.8,10106,0.41666666666666663,0.001187413417771621,0.1388888888888889,0.00039580447259054025,0.5555555555555556,0.001583217890362161,0.20833333333333331,0.0005937067088858105,1.1111111111111112,0.003166435780724322,
99年嘉義縣,2,58,21,85,33,390,1903.6367,543248,0.030467998436886617,0.00010676523429446588,0.011031516675424465,3.865637793420316e-05,0.044651377019575215,0.00015646629163844139,0.01733524048995273,6.074573675374783e-05,0.20487102397216864,0.0007179041616352016,
97年澎湖縣,0,29,11,77,16,157,126.8641,93308,0.22859106713404345,0.0003107986453465941,0.08670695649911993,0.00011788914133836326,0.6069486954938395,0.0008252239893685429,0.12611920945326535,0.00017147511467398294,1.2375447427601662,0.0016825995627384575,
98年澎湖縣,0,28,12,79,15,161,126.8641,96210,0.22070861654321436,0.0002910300384575408,0.094589407089949,0.00012472715933894605,0.6227135966754976,0.0008211204656480615,0.11823675886243627,0.00015590894917368256,1.2690745451234826,0.0016734227211308596,
101年南投縣,0,93,67,96,32,378,4106.436,520196,0.02264737597274133,0.0001787787680028297,0.016315851507243753,0.00012879760705580205,0.02337793648799105,0.00018454582503517905,0.007792645495997016,6.151527501172635e-05,0.09205062492146475,0.0007266491860760176,
102年苗栗縣,3,70,57,144,27,354,1820.3149,565554,0.03845488492128477,0.0001237724425961093,0.031313263435903314,0.00010078613182826043,0.07910719183807154,0.00025461759619771056,0.014832598469638412,4.774079928707073e-05,0.19447184660192585,0.0006259349239860385,
96年基隆市,0,41,29,57,18,200,132.7589,390397,0.30883051908384296,0.00010502129883170208,0.2184410988641816,7.428335771022831e-05,0.4293497460433914,0.00014600522032700045,0.13558413032949201,4.610691168221067e-05,1.5064903369943559,0.0005122990186912297,
95年嘉義縣,0,57,18,88,29,352,1901.675,553841,0.029973575926485863,0.00010291762437233791,0.009465339766258693,3.250030243336987e-05,0.04627499441282028,0.00015889036745203046,0.015249714067861228,5.236159836487367e-05,0.1850999776512811,0.0006355614698081219,
99年花蓮縣,0,46,19,79,22,227,4628.5714,338805,0.009938271666285628,0.00013577131388261684,0.004104938296944064,5.607945573412435e-05,0.017067901339925317,0.00023317247384188546,0.0047530864490931265,6.49341066395124e-05,0.049043210179279075,0.0006700019185076962,
96年嘉義縣,0,56,19,87,32,362,1901.675,551345,0.02944772371724927,0.00010156979749521624,0.009991191975495287,3.4461181293019795e-05,0.045749142203583684,0.00015779593539435381,0.01682727069557101,5.8039884282980713e-05,0.19035849974364705,0.0006565761909512193,
102年雲林縣,8,73,51,48,42,374,1290.8326,707792,0.05655264671809498,0.00010313764495784073,0.0395093833236006,7.205506702534078e-05,0.037185301951624096,6.781653367090897e-05,0.03253713920767108,5.933946696204535e-05,0.2897354777064044,0.000528403824852499,
95年彰化縣,3,88,15,120,51,430,1074.396,1315034,0.08190648513211143,6.691842188110725e-05,0.013961332692973541,1.1406549184279647e-05,0.11169066154378833,9.125239347423717e-05,0.04746853115611004,3.87822672265508e-05,0.4002248705319082,0.00032698774328268317,
99年雲林縣,8,60,44,47,30,363,1290.8326,717653,0.04648162743953012,8.360586523013211e-05,0.03408652678898875,6.131096783543021e-05,0.03641060816096526,6.549126109693682e-05,0.02324081371976506,4.1802932615066056e-05,0.2812138460091572,0.0005058154846422992,
95年臺中市,4,182,87,211,82,820,2214.8968,2587828,0.08217087134714358,7.032924908456048e-05,0.03927948245715105,3.361892676020199e-05,0.09526403216619393,8.153555800462781e-05,0.03702204093662513,3.1686804532604174e-05,0.3702204093662513,0.00031686804532604174,
99年桃園縣,31,166,36,219,101,965,1220.954,2002060,0.1359592580883473,8.291459796409698e-05,0.029485140308316286,1.798147907655115e-05,0.17936793687559074,0.00010938733104901951,0.0827221991983318,5.0448038520324065e-05,0.7903655665979227,0.00048200353635755174,
99年南投縣,0,92,65,100,29,379,4106.436,526491,0.02240385580099142,0.00017474182844531055,0.01582881116374394,0.0001234589005320129,0.024352017174990675,0.0001899367700492506,0.007062084980747296,5.5081663314282675e-05,0.09229414509321465,0.0007198603584866597,
98年連江縣,0,10,2,13,8,28,28.8,9919,0.3472222222222222,0.0010081661457808247,0.06944444444444445,0.00020163322915616494,0.4513888888888889,0.001310615989515072,0.2777777777777778,0.0008065329166246597,0.9722222222222222,0.0028228652081863093,
100年澎湖縣,0,29,13,88,14,157,126.8641,97157,0.22859106713404345,0.00029848595572115236,0.1024718576807781,0.00013380404911637864,0.6936556519929594,0.0009057504863262554,0.11035430827160718,0.000144096668279177,1.2375447427601662,0.0016159412085593422,
101年嘉義縣,3,59,56,68,33,383,1903.6367,533723,0.030993308754763974,0.00011054423361931189,0.029417377801131905,0.00010492334038443163,0.035721101615660174,0.00012740691332395267,0.01733524048995273,6.182982558368293e-05,0.20119385174702714,0.0007176007029863806,
96年高雄市,4,247,75,188,113,1191,2946.2671,2764868,0.08383489738591589,8.933518706860508e-05,0.025455940501796323,2.7126068947957008e-05,0.06380955752450279,6.799601282954558e-05,0.03835361702270646,4.086994388158856e-05,0.40424033516852564,0.0004307619748935573,
100年宜蘭縣,0,51,35,21,26,206,2143.6251,459061,0.023791473611687042,0.00011109634667288225,0.01632748189037346,7.624259085393881e-05,0.009796489134224077,4.574555451236328e-05,0.01212898654713457,5.663735320578311e-05,0.09609889341191237,0.00044874210616889694,
95年嘉義市,13,35,11,67,14,198,60.0256,272364,0.5830845505917476,0.0001285045013291037,0.18325514447169208,4.0387128989146876e-05,1.1161904254184882,0.0002459943311157128,0.23323382023669903,5.140180053164148e-05,3.2985926004904575,0.0007269683218046437,
96年花蓮縣,1,44,21,75,19,195,4628.5714,343302,0.009506172898186253,0.0001281670366033405,0.004537037065043439,6.117063110613979e-05,0.016203703803726568,0.00021846653966478495,0.004104938296944064,5.5344856715078854e-05,0.042129629889689074,0.0005680130031284409,
95年新竹市,0,37,12,69,15,199,104.1526,394757,0.35524797268623154,9.372854692887016e-05,0.11521555870904807,3.039844765260654e-05,0.6624894625770263,0.0001747910740024876,0.1440194483863101,3.7998059565758173e-05,1.9106580152583803,0.0005041075902390584,
99年金門縣,0,23,11,22,10,71,151.656,97364,0.1516590177770744,0.00023622694219629432,0.07253257371947038,0.00011297810278953207,0.14506514743894075,0.00022595620557906414,0.06593870338133671,0.00010270736617230188,0.4681647940074906,0.0007292222998233433,
96年嘉義市,3,35,12,70,13,203,60.0256,273075,0.5830845505917476,0.00012816991668955415,0.19991470306002773,4.3943971436418566e-05,1.1661691011834951,0.0002563398333791083,0.21657426164836338,4.7605969056120113e-05,3.3818903934321356,0.0007433855167994141,
101年臺北市,0,260,86,303,78,1625,271.7997,2673226,0.9565867806329441,9.726076283860774e-05,0.3164094735939738,3.2170867708154865e-05,1.114791517429931,0.00011334619669268517,0.28697603418988327,2.9178228851582322e-05,5.978667378955901,0.0006078797677412983,
101年臺中市,2,205,156,224,103,1159,2214.8968,2684893,0.09255510234156282,7.635313586053523e-05,0.07043217544040878,5.810287411826095e-05,0.10113338011956133,8.34297679646824e-05,0.046503295322834,3.8362795090903065e-05,0.5232749444579088,0.0004316745583529772,
101年新竹縣,13,65,28,105,38,336,1427.5369,523993,0.045532973613501684,0.00012404745864925677,0.019614204018123804,5.3435828341218296e-05,0.07355326506796427,0.00020038435627956863,0.02661927688173945,7.252005274879626e-05,0.23537044821748565,0.0006412299400946196,
95年澎湖縣,0,22,11,75,13,158,126.8641,91785,0.17341391299823986,0.00023969058124965952,0.08670695649911993,0.00011984529062482976,0.5911837943121814,0.0008171269815329302,0.1024718576807781,0.0001416353434657079,1.2454271933509953,0.001721414174429373,
96年臺東縣,2,46,15,90,23,155,3515.2526,233660,0.013085830588675193,0.00019686724300265344,0.004267118670220171,6.41958401095609e-05,0.025602712021321028,0.0003851750406573654,0.006542915294337597,9.843362150132672e-05,0.04409355959227511,0.0006633570144654626,
100年桃園縣,26,163,38,232,102,1015,1220.954,2013305,0.13350216306265428,8.096140425817251e-05,0.0311232036587783,1.8874437802518745e-05,0.19001534865359385,0.00011523340974169339,0.08354123087356281,5.066296462781347e-05,0.8313171503594731,0.0005041461676199085,
96年新竹市,0,38,17,66,17,211,104.1526,399035,0.36484926924531885,9.522974175197665e-05,0.16322204150448474,4.2602779204831656e-05,0.6336855728997643,0.00016539902514816997,0.16322204150448474,4.2602779204831656e-05,2.0258735739674285,0.0005287756713070282,
95年高雄市,2,244,72,200,102,1155,2946.2671,2760180,0.08281665976584404,8.840003188197871e-05,0.02443770288172447,2.608525530943634e-05,0.06788250800479019,7.245904252621206e-05,0.034620079082443,3.695411168836815e-05,0.3920214837276634,0.00041845097058887463,
101年嘉義市,0,36,14,69,17,211,60.0256,271220,0.5997441091800831,0.00013273357422019025,0.23323382023669903,5.1618612196740655e-05,1.1495095425951594,0.00025440601725536466,0.28321249600170595,6.26797433817565e-05,3.515166862138821,0.0007779662266794484,
96年臺南市,11,165,35,183,66,772,2191.6531,1870061,0.07528563712934315,8.823241594792898e-05,0.015969680603194,1.871596701925766e-05,0.08349861572527148,9.785777041497577e-05,0.030114254851737257,3.529296637917159e-05,0.3522455264475934,0.0004128207582533404,
100年金門縣,0,26,9,18,10,69,151.656,103883,0.17144062879147542,0.0002502815667626079,0.05934483304320304,8.663592695628736e-05,0.11868966608640608,0.00017327185391257473,0.06593870338133671,9.626214106254151e-05,0.4549770533312233,0.0006642087733315364,
94年新竹縣,11,52,11,76,28,257,1427.5931,477677,0.03642494489501245,0.00010886017120355387,0.0077052768047141725,2.3028113139213317e-05,0.05323645792347974,0.00015910332714365566,0.019613431866545166,5.861701526345208e-05,0.18002328534650383,0.0005380204615252567,
100年臺北市,0,261,70,304,78,1644,271.7997,2650968,0.9602659605584555,9.845460224340693e-05,0.25754259478579267,2.640544887754209e-05,1.1184706973554424,0.0001146750922681828,0.28697603418988327,2.94232144635469e-05,6.048571797540616,0.0006201508279239886,
94年嘉義縣,0,53,14,86,28,349,1901.675,557101,0.027870167089539485,9.513535247648092e-05,0.007361930929312317,2.513009310699496e-05,0.04522328999434709,0.00015437057194296906,0.014723861858624634,5.026018621398992e-05,0.18352242102357133,0.0006264573210243744,
98年新竹縣,0,61,24,105,37,311,1427.5369,510882,0.04273094446805543,0.00011940134903950423,0.016812174872677547,4.6977579949968875e-05,0.07355326506796427,0.00020552691228111384,0.025918769595377884,7.242376908953535e-05,0.21785776605844653,0.0006087511401850134,
97年嘉義市,1,35,13,70,13,208,60.0256,273793,0.5830845505917476,0.00012783380144853958,0.21657426164836338,4.74811262523147e-05,1.1661691011834951,0.00025566760289707916,0.21657426164836338,4.74811262523147e-05,3.465188186373814,0.0007596980200370352,
96年屏東縣,4,88,13,140,36,370,2775.6003,889563,0.03170485318076958,9.892497776998369e-05,0.004683671492613688,1.4613917170565772e-05,0.05043953915122433,0.00015738064645224678,0.012970167210314828,4.04693090877206e-05,0.13330449632823574,0.00041593456562379505,
97年嘉義縣,0,58,19,86,30,367,1901.675,548731,0.030499428135722456,0.00010569842053756758,0.009991191975495287,3.4625344658858346e-05,0.04522328999434709,0.00015672524424535883,0.01577556627709782,5.467159682977634e-05,0.19298776078983002,0.0006688158678842639,
102年臺北市,0,257,106,305,78,1577,271.7997,2686516,0.9455492408564101,9.566293295852323e-05,0.3899930721042003,3.94563069790018e-05,1.1221498772809537,0.00011352993989241084,0.28697603418988327,2.9033886267567362e-05,5.802066742531357,0.0005870056236404324,
96年新竹縣,6,56,20,84,34,300,1427.5369,495821,0.03922840803624761,0.0001129439858335972,0.014010145727231289,4.033713779771329e-05,0.05884261205437141,0.0001694159787503958,0.02381724773629319,6.857313425611258e-05,0.21015218590846932,0.0006050570669656994,
97年基隆市,0,39,31,58,16,204,132.7589,388979,0.29376561571389936,0.0001002624820363053,0.23350600223412515,7.969581905449908e-05,0.4368821977283632,0.00014910830661809507,0.12051922695954846,4.113332596361243e-05,1.5366201437342428,0.0005244499060360585,
97年臺南市,19,166,35,197,80,812,2191.6531,1873005,0.07574191371800583,8.862763313498897e-05,0.015969680603194,1.8686549154967553e-05,0.08988648796654909,0.00010517857667224594,0.036502127093014855,4.271211235421155e-05,0.3704965899941008,0.0004335279403952472,
97年臺北市,68,260,70,341,72,1540,271.7997,2622923,0.9565867806329441,9.91260513556822e-05,0.25754259478579267,2.668778305729905e-05,1.2546003545993614,0.00013000762889341395,0.2649009546368153,2.745029114465045e-05,5.665937085287438,0.0005871312272605791,
95年新北市,18,282,49,440,140,1105,2052.5667,3767095,0.1373889579325242,7.48587439392954e-05,0.023872549427991795,1.3007370400799555e-05,0.2143657499656406,0.00011680087706840417,0.06820728407997656,3.716391543085587e-05,0.5383503493455293,0.00029332947536496955,
98年南投縣,0,89,58,103,28,373,4106.436,530824,0.0216732952857417,0.0001676638584540262,0.014124169961494591,0.00010926408753183729,0.025082577690240394,0.00019403794854791796,0.006818564808997389,5.274818018778352e-05,0.09083302406271522,0.0007026811146444019,
100年彰化縣,6,117,75,80,50,490,1074.396,1303039,0.10889839500519362,8.979009837771549e-05,0.0698066634648677,5.755775537033044e-05,0.07446044102919222,6.13949390616858e-05,0.046537775643245134,3.8371836913553625e-05,0.4560702013038023,0.0003760440017528255,
94年新竹市,1,36,11,65,16,185,104.0964,390692,0.3458332853009326,9.214419542760025e-05,0.1056712816197294,2.815517082510008e-05,0.6244212095711282,0.00016637146396650046,0.15370368235597004,4.095297574560011e-05,1.7771988272409036,0.0004735187820585013,
96年宜蘭縣,1,40,6,37,24,202,2143.6251,460398,0.018659979303283954,8.688135048371191e-05,0.002798996895492593,1.3032202572556789e-05,0.017260480855537656,8.036524919743353e-05,0.011195987581970372,5.2128810290227154e-05,0.09423289548158396,0.00043875081994274517,
98年新竹市,0,38,19,65,15,219,104.1526,411587,0.36484926924531885,9.232555935926062e-05,0.18242463462265943,4.616277967963031e-05,0.624084276340677,0.00015792529890399843,0.1440194483863101,3.644429974707656e-05,2.102683946440127,0.0005320867763073178,
94年嘉義市,1,34,11,67,13,196,60.0256,271701,0.5664249920034119,0.0001251375593023213,0.18325514447169208,4.048568095075101e-05,1.1161904254184882,0.00024659460215457435,0.21657426164836338,4.7846713850887556e-05,3.2652734833137864,0.0007213812242133816,
98年臺北市,0,260,74,301,75,1531,271.7997,2607428,0.9565867806329441,9.971512156807398e-05,0.27225931448783797,2.838045767706721e-05,1.1074331575789085,0.00011543942919996258,0.2759384944133493,2.8763977375405956e-05,5.632824465957836,0.0005871686581566202,
99年臺南市,15,168,33,171,74,887,2191.6531,1873794,0.0766544668953312,8.965766781193664e-05,0.015057127425868629,1.7611327605916124e-05,0.07802329666131926,9.125869759429265e-05,0.03376446756103874,3.949206796478162e-05,0.40471733414380223,0.0004733711389832607,
98年臺中市,5,189,110,225,86,991,2214.8968,2635761,0.08533128947587987,7.170604618552289e-05,0.04966371345157029,4.1733677674113855e-05,0.10158486842366651,8.536434069705106e-05,0.038827994153045865,3.262814799976174e-05,0.4474249093682378,0.00037598249613678933,
102年新北市,42,272,357,641,116,2098,2052.5667,3954929,0.13251700906966873,6.87749388168536e-05,0.17392857440394022,9.026710719712036e-05,0.3122919221090355,0.0001620762344911881,0.05651460680912343,2.9330488613069918e-05,1.0221348714270773,0.000530477285432937,
102年澎湖縣,0,29,12,78,15,160,126.8641,100400,0.22859106713404345,0.0002888446215139442,0.094589407089949,0.00011952191235059761,0.6148311460846686,0.0007768924302788844,0.11823675886243627,0.000149402390438247,1.2611920945326536,0.0015936254980079682,
100年臺中市,0,194,132,218,105,1091,2214.8968,2664394,0.0875887309964058,7.281205407308379e-05,0.05959645614188435,4.9542222359005463e-05,0.09842445029493022,8.181973086563023e-05,0.04740627193104437,3.940858596739071e-05,0.4925737397787563,0.0004094739741945073,
94年澎湖縣,1,23,13,70,14,156,126.8641,92489,0.18129636358906895,0.0002486782211938717,0.1024718576807781,0.00014055725545740575,0.551771541358036,0.0007568467601552617,0.11035430827160718,0.00015136935203105233,1.2296622921693372,0.001686687065488869,
102年南投縣,0,92,70,92,27,366,4106.436,517222,0.02240385580099142,0.00017787333098746765,0.017046412022493473,0.00013533840401220367,0.02240385580099142,0.00017787333098746765,0.006575044637247483,5.220195583327855e-05,0.08912838286046587,0.0007076265124066649,
94年南投縣,1,76,31,93,19,283,4106.436,537168,0.018507533052992912,0.0001414827391058291,0.0075491253242471095,5.771006463527239e-05,0.02264737597274133,0.00017313019390581717,0.004626883263248228,3.5370684776457274e-05,0.06891620860522361,0.0005268370416703898,
96年雲林縣,0,62,41,44,28,334,1290.8326,725672,0.048031015020847785,8.543804914617073e-05,0.031762445417012244,5.6499355080532254e-05,0.03408652678898875,6.0633454232766316e-05,0.02169142613844739,3.8584925420851293e-05,0.258747726080051,0.00046026303894872617,
100年新北市,21,261,201,824,122,2077,2052.5667,3916451,0.12715786532052772,6.664196743429191e-05,0.09792617214339491,5.132197492066159e-05,0.4014485862992906,0.00021039456385385646,0.05943777612683671,3.115065144438166e-05,1.0119037788150806,0.0005303270741801697,
97年桃園縣,39,165,36,217,93,865,1220.954,1958686,0.1351402264131163,8.424014875278631e-05,0.029485140308316286,1.837966881878974e-05,0.17772987352512873,0.00011078855926881593,0.07616994579648374,4.7480811115206826e-05,0.7084623990748219,0.00044162259800703123,
97年宜蘭縣,2,50,11,34,22,212,2143.6251,460902,0.023324974129104944,0.00010848293129558996,0.005131494308403087,2.386624488502979e-05,0.015860982407791362,7.376839328100117e-05,0.010262988616806175,4.773248977005958e-05,0.09889789030740495,0.0004599676286933014,
98年嘉義市,2,35,13,70,14,209,60.0256,273861,0.5830845505917476,0.00012780206016920994,0.21657426164836338,4.746933663427797e-05,1.1661691011834951,0.0002556041203384199,0.23323382023669903,5.112082406768397e-05,3.4818477449621494,0.0007631608735818536,
101年宜蘭縣,1,53,37,21,27,214,2143.6251,458595,0.024724472576851238,0.00011557038345381001,0.017260480855537656,8.068121109039566e-05,0.009796489134224077,4.579203872698132e-05,0.01259548602971667,5.88754783632617e-05,0.09983088927256915,0.0004666426803606668,
99年苗栗縣,0,64,46,147,24,346,1820.3149,560968,0.03515875192803179,0.00011408850415709987,0.02527035294827285,8.200111236291554e-05,0.08075525833469802,0.0002620470329858388,0.013184531973011922,4.278318905891245e-05,0.19007700261092186,0.0006167909755993211,
99年基隆市,0,34,30,57,16,226,132.7589,384134,0.2561033572890405,8.851078009236361e-05,0.22597355054915338,7.809774714032082e-05,0.4293497460433914,0.00014838571956660957,0.12051922695954846,4.165213180817111e-05,1.702334080803622,0.0005883363617904169,
99年臺中市,0,192,115,223,87,1038,2214.8968,2648419,0.08668575438819542,7.249608162454656e-05,0.05192115497209622,4.342213222303571e-05,0.10068189181545614,8.420117813684316e-05,0.03927948245715105,3.284978698612266e-05,0.4686448596611815,0.00039193194128270487,
95年臺北市,61,239,84,320,77,1484,271.7997,2632242,0.8793240021972063,9.079712275695016e-05,0.3090511137429512,3.191195946269378e-05,1.1773375761636236,0.00012156936938169059,0.2832968542643719,2.9252629507469298e-05,5.459903009458804,0.0005637779505075901,
101年新竹市,0,37,23,65,13,229,104.1526,425071,0.35524797268623154,8.704428201406354e-05,0.2208298208590088,5.4108607738471924e-05,0.624084276340677,0.00015291563056524674,0.12481685526813541,3.058312611304935e-05,2.1986969120310005,0.000538733529222177,
94年臺南市,10,154,32,211,61,714,2191.6531,1862918,0.0702665946540536,8.266601106436246e-05,0.014600850837205944,1.7177352948438954e-05,0.09627436020782669,0.00011326317100376936,0.027832871908423828,3.274432905796176e-05,0.3257814843051576,0.00038326968766204416,
96年苗栗縣,4,49,29,113,24,239,1820.3149,560163,0.02691841944489934,8.74745386610683e-05,0.015931309467389406,5.177064533002001e-05,0.06207717137293113,0.0002017269973204228,0.013184531973011922,4.284467199725794e-05,0.13129596423124373,0.000426661525306027,
98年桃園縣,24,166,35,214,98,922,1220.954,1978782,0.1359592580883473,8.388998889215689e-05,0.028666108633085278,1.7687648260394524e-05,0.1752727784994357,0.00010814733507784082,0.08026510417263878,4.952541512910467e-05,0.7551472045629893,0.00046594319131667867,
98年嘉義縣,0,55,20,86,30,380,1903.6367,547716,0.02889206748325455,0.0001004170044329543,0.010506206357547109,3.651527433925611e-05,0.04517668733745257,0.00015701567965880129,0.015759309536320664,5.477291150888417e-05,0.19961792079339508,0.0006937902124458661,
97年屏東縣,4,90,14,142,41,407,2775.6003,884838,0.03242541802578707,0.00010171353400283442,0.005043953915122433,1.5822105289329798e-05,0.051160103996241824,0.00016048135364891652,0.014771579322858554,4.6336165490180124e-05,0.1466349459610593,0.0004599712037683734,
101年連江縣,0,12,4,16,6,32,28.8,11310,0.41666666666666663,0.0010610079575596816,0.1388888888888889,0.00035366931918656057,0.5555555555555556,0.0014146772767462423,0.20833333333333331,0.0005305039787798408,1.1111111111111112,0.0028293545534924846,
97年連江縣,0,8,4,10,8,25,28.8,9755,0.2777777777777778,0.0008200922603792927,0.1388888888888889,0.00041004613018964635,0.3472222222222222,0.0010251153254741158,0.2777777777777778,0.0008200922603792927,0.8680555555555556,0.0025627883136852894,
98年雲林縣,0,60,41,47,28,352,1290.8326,722795,0.04648162743953012,8.301108889795862e-05,0.031762445417012244,5.672424408027172e-05,0.03641060816096526,6.502535297006758e-05,0.02169142613844739,3.873850815238069e-05,0.27269221431191,0.0004869983882013572,
96年金門縣,0,21,9,24,10,70,151.656,81547,0.1384712771008071,0.00025752020307307443,0.05934483304320304,0.0001103658013170319,0.1582528881152081,0.00029430880351208506,0.06593870338133671,0.00012262866813003543,0.4615709236693569,0.0008584006769102481,
95年桃園縣,9,160,35,228,83,768,1220.954,1911161,0.13104506803696125,8.371874478392977e-05,0.028666108633085278,1.8313475421484636e-05,0.18673922195266981,0.00011929921131709992,0.06797962904417365,4.3429098856663565e-05,0.6290163265774141,0.0004018499749628629,
94年高雄市,12,253,47,195,119,1108,2946.2671,2753486,0.0858713726260596,9.188352510236116e-05,0.015952389381125698,1.7069271461703457e-05,0.06618544530467044,7.0819317766642e-05,0.04039009226285017,4.321794263707896e-05,0.3760690943465377,0.0004023989953099453,
99年臺北市,0,260,74,301,75,1562,271.7997,2618772,0.9565867806329441,9.928317547308434e-05,0.27225931448783797,2.825751917310862e-05,1.1074331575789085,0.00011493936852845532,0.2759384944133493,2.863937754031279e-05,5.746879043648687,0.0005964627695729144,
95年宜蘭縣,1,40,4,32,19,180,2143.6251,460426,0.018659979303283954,8.68760669466972e-05,0.0018659979303283954,8.687606694669719e-06,0.014927983442627163,6.950085355735775e-05,0.008863490169059879,4.126613179968116e-05,0.08396990686477779,0.00039094230126013736,
98年苗栗縣,2,54,40,126,24,288,1820.3149,561744,0.029665196939276824,9.612919764163036e-05,0.02197421995501987,7.120681306787434e-05,0.06921879285831259,0.00022430146116380416,0.013184531973011922,4.27240878407246e-05,0.15821438367614307,0.0005126890540886952,
102年嘉義縣,4,62,59,56,32,378,1903.6367,529229,0.03256923970839604,0.00011715155443106859,0.030993308754763974,0.00011148293082956527,0.029417377801131905,0.00010581430722806196,0.016809930172075375,6.0465318416035405e-05,0.19856730015764038,0.0007142465737894182,
100年臺東縣,2,41,17,100,25,284,3515.2526,228290,0.011663457698601802,0.00017959612773227036,0.0048360678262495274,7.446668710850234e-05,0.02844745780146781,0.0004380393359323667,0.007111864450366953,0.00010950983398309168,0.08079078015616858,0.0012440317140479215,
101年高雄市,6,237,85,228,144,1506,2947.6159,2778659,0.0804039630808071,8.529294166718551e-05,0.02883686439607006,3.059029553464459e-05,0.07735064802710558,8.205396919881137e-05,0.048853040859224574,5.182355949398613e-05,0.5109213856527236,0.0005419880597079382,
102年彰化縣,8,121,82,76,51,494,1074.396,1296013,0.11262141705665323,9.33632610166719e-05,0.07632195205492202,6.327097027576113e-05,0.07073741897773261,5.864138708485177e-05,0.04746853115611004,3.935145712272948e-05,0.45979322335526196,0.0003811690160515365,
96年南投縣,0,88,44,108,25,329,4106.436,533717,0.021429775113991793,0.00016488138845118292,0.010714887556995897,8.244069422559146e-05,0.02630017854898993,0.00020235443128099724,0.006088004293747669,4.684130353726788e-05,0.08011813650571932,0.0006164315545504452,
98年宜蘭縣,3,50,20,35,21,214,2143.6251,461625,0.023324974129104944,0.0001083130246412131,0.009329989651641977,4.332520985648524e-05,0.01632748189037346,7.581911724884918e-05,0.009796489134224077,4.5491470349309504e-05,0.09983088927256915,0.0004635797454643921,
101年臺東縣,2,52,18,102,32,286,3515.2526,226252,0.01479267805676326,0.00022983222247759135,0.005120542404264206,7.95573077807047e-05,0.029016406957497166,0.00045082474409065997,0.0091031864964697,0.0001414352138323639,0.08135972931219794,0.0012640772236267525,
97年彰化縣,3,115,20,118,55,468,1074.396,1312935,0.10703688397946381,8.759001778458188e-05,0.018615110257298055,1.523304657123163e-05,0.10982915051805853,8.987497477026662e-05,0.05119155320756965,4.1890878070886983e-05,0.4355935800207745,0.00035645328976682014,
95年臺南市,6,165,33,194,61,729,2191.6531,1866727,0.07528563712934315,8.839000025177757e-05,0.015057127425868629,1.7678000050355515e-05,0.08851765820056103,0.00010392521241724152,0.027832871908423828,3.267751524459656e-05,0.3326256331350979,0.00039052309202149,
94年苗栗縣,4,52,20,85,22,226,1820.3149,559944,0.02856648594152583,9.286642950009287e-05,0.010987109977509934,3.571785750003572e-05,0.046695217404417226,0.0001518008943751518,0.012085820975260928,3.928964325003929e-05,0.12415434274586226,0.0004036117897504036,
97年南投縣,0,92,41,108,26,350,4106.436,531753,0.02240385580099142,0.00017301265813262924,0.009984327041746177,7.710346721128043e-05,0.02630017854898993,0.00020310181606873867,0.006331524465497575,4.8894881646177833e-05,0.08523206011246737,0.0006582003298523938,
102年臺中市,18,210,148,254,104,1178,2214.8968,2701661,0.09481254386208875,7.772995945827401e-05,0.06682026900756731,5.478111428487882e-05,0.11467802924271686,9.401623667810285e-05,0.04695478362693919,3.849483706504998e-05,0.5318532222359074,0.00043602805829450847,
97年臺中市,7,186,100,211,85,943,2214.8968,2624072,0.08397682456356431,7.088220140301028e-05,0.04514883041051845,3.810871043172596e-05,0.09526403216619393,8.040937901094177e-05,0.03837650584894068,3.239240386696707e-05,0.42575347077118897,0.0003593651393711758,
101年臺南市,0,192,60,229,81,941,2191.6531,1881645,0.08760510502323565,0.00010203837599547205,0.02737659531976114,3.188699249858501e-05,0.10448733880375503,0.00012170202136959947,0.03695840368167754,4.304743987308977e-05,0.42935626993158726,0.0005000943323528083,
98年屏東縣,6,87,29,141,45,478,2775.6003,882640,0.03134457075826083,9.856793256593855e-05,0.010448190252753611,3.2855977521979516e-05,0.05079982157373308,0.00015974802864134868,0.016212709012893536,5.098341339617511e-05,0.17221499795918022,0.0005415571467415934,
97年臺東縣,3,47,16,93,21,156,3515.2526,231849,0.013370305166689871,0.00020271814845006879,0.00455159324823485,6.901043351491703e-05,0.026456135755365064,0.00040112314480545525,0.0059739661383082406,9.057619398832861e-05,0.044378034170289786,0.0006728517267704411,
98年基隆市,0,39,33,57,16,216,132.7589,388321,0.29376561571389936,0.00010043237424707909,0.24857090560406872,8.498123974752846e-05,0.4293497460433914,0.000146785777745731,0.12051922695954846,4.120302533213501e-05,1.6270095639539042,0.0005562408419838227,
97年新北市,13,279,69,668,119,1298,2052.5667,3833730,0.13592737327366755,7.277507805714017e-05,0.03361644715370273,1.7998137584023916e-05,0.32544618403874526,0.000174242839219246,0.05797619146798007,3.104026626809921e-05,0.6323789623986398,0.00033857366063859477,
102年金門縣,0,28,10,19,10,73,151.656,120713,0.18462836946774278,0.00023195513324993994,0.06593870338133671,8.28411190178357e-05,0.12528353642453974,0.0001573981261338878,0.06593870338133671,8.28411190178357e-05,0.48135253468375794,0.0006047401688302006,
100年臺南市,0,174,39,211,79,919,2191.6531,1876960,0.07939212642730731,9.270309436535675e-05,0.017794786957844744,2.077827977154548e-05,0.09627436020782669,0.00011241582132810501,0.03604585050435217,4.208933594748956e-05,0.41931818498100815,0.0004896215156423153,
95年臺東縣,0,40,10,89,22,151,3515.2526,235957,0.011378983120587124,0.0001695224129820264,0.002844745780146781,4.23806032455066e-05,0.02531823744330635,0.0003771873688850087,0.006258440716322918,9.32373271401145e-05,0.04295566128021639,0.0006399471090071496,
102年嘉義市,0,36,15,70,17,206,60.0256,270872,0.5997441091800831,0.00013290410230662453,0.24989337882503465,5.537670929442689e-05,1.1661691011834951,0.00025842464337399215,0.28321249600170595,6.276027053368381e-05,3.4318690691971425,0.0007605068076434626,
101年彰化縣,7,117,76,77,52,491,1074.396,1299868,0.10889839500519362,9.000913938953801e-05,0.07073741897773261,5.8467475159016145e-05,0.07166817449059751,5.923678404268741e-05,0.048399286668974945,4.000406195090578e-05,0.45700095681666725,0.00037773066188259117,
94年雲林縣,0,62,39,43,26,312,1290.8326,733330,0.048031015020847785,8.454583884472202e-05,0.030213057835694574,5.318205991845418e-05,0.03331183299832992,5.8636630166500754e-05,0.02014203855712972,3.5454706612302785e-05,0.2417044626855566,0.0004254564793476334,
98年臺東縣,0,48,15,92,22,160,3515.2526,232497,0.013654779744704549,0.00020645427682937844,0.004267118670220171,6.451696150918076e-05,0.026171661177350387,0.000395704030589642,0.006258440716322918,9.462487688013179e-05,0.045515932482348496,0.0006881809227645948,
99年新竹市,0,38,21,65,13,218,104.1526,415344,0.36484926924531885,9.149042721214223e-05,0.2016272277408341,5.056049924881544e-05,0.624084276340677,0.00015649678338919065,0.12481685526813541,3.129935667783813e-05,2.09308264988104,0.0005248661350591317,
99年宜蘭縣,0,48,20,36,25,207,2143.6251,460486,0.022391975163940744,0.00010423769669436204,0.009329989651641977,4.343237362265085e-05,0.01679398137295556,7.817827252077153e-05,0.011662487064552472,5.429046702831356e-05,0.09656539289449446,0.0004495250669944363,
99年屏東縣,4,91,29,139,48,538,2775.6003,873509,0.03278570044829582,0.00010417751849150954,0.010448190252753611,3.319942896982172e-05,0.050079256728715583,0.00015912829747604203,0.01729355628041977,5.49507789845325e-05,0.19383194330970493,0.0006159066477849684,
98年花蓮縣,0,48,18,81,22,223,4628.5714,340964,0.010370370434385004,0.00014077732546544504,0.003888888912894376,5.279149704954189e-05,0.01750000010802469,0.0002375617367229385,0.0047530864490931265,6.452294083832897e-05,0.048179012643080325,0.00065402799122488,
96年澎湖縣,0,26,10,76,14,158,126.8641,92390,0.2049437153615562,0.00028141573763394305,0.07882450590829085,0.00010823682216690118,0.5990662449030104,0.000822599848468449,0.11035430827160718,0.00015153155103366165,1.2454271933509953,0.0017101417902370387,
100年花蓮縣,0,49,19,84,24,234,4628.5714,336838,0.010586419818434691,0.0001454705229219981,0.004104938296944064,5.640693745955029e-05,0.018148148260173757,0.0002493780392948539,0.005185185217192502,7.125086836995825e-05,0.05055555586762689,0.000694695966607093,
102年高雄市,3,256,130,288,153,1487,2947.6159,2779877,0.08684985041639924,9.209040543880179e-05,0.04410343966457774,4.6764659011891534e-05,0.09770608171844915,0.00010360170611865201,0.05190635591292611,5.503840637553388e-05,0.5044754983171316,0.0005349157534667901,
98年臺南市,14,164,37,181,72,851,2191.6531,1875406,0.07482936054068046,8.744773131791197e-05,0.01688223378051937,1.9729061333919162e-05,0.08258606254794612,9.651243517403698e-05,0.03285191438371337,3.839168692005891e-05,0.38829137695194554,0.00045376841068014073,
100年南投縣,0,92,67,97,28,380,4106.436,522807,0.02240385580099142,0.00017597316026755571,0.016315851507243753,0.00012815436671658947,0.023621456659740955,0.00018553691897774897,0.006818564808997389,5.3557048777082175e-05,0.09253766526496457,0.0007268456619746866,
96年臺中市,9,188,93,223,84,891,2214.8968,2606794,0.08487980117177468,7.211923918806012e-05,0.041988412281782156,3.5676006619625484e-05,0.10068189181545614,8.554569329222026e-05,0.037925017544835495,3.222348984998431e-05,0.4022760789577194,0.00034179916019447644,
97年雲林縣,0,63,40,46,28,340,1290.8326,723674,0.04880570881150662,8.705577373237121e-05,0.03098775162635341,5.5273507131664256e-05,0.03563591437030642,6.356453320141389e-05,0.02169142613844739,3.869145499216498e-05,0.263395888824004,0.00046982481061914617,
99年彰化縣,3,113,63,88,53,482,1074.396,1307286,0.10517537295373401,8.643862169410519e-05,0.05863759731048887,4.8191443953350685e-05,0.08190648513211143,6.731503282372794e-05,0.049330042181839846,4.054200840519978e-05,0.4486241572008831,0.0003687027934208735,
102年屏東縣,3,111,34,175,53,548,2775.6003,852286,0.03999134889847072,0.00013023797176065313,0.012249602365297338,3.989271207083068e-05,0.06304942393903042,0.00020533013565868734,0.019094968392963495,6.21856982280596e-05,0.1974347675347924,0.0006429766533769181,
100年基隆市,0,36,33,57,16,240,132.7589,379927,0.27116826065898403,9.475504504812767e-05,0.24857090560406872,8.685879129411702e-05,0.4293497460433914,0.00015002882132620214,0.12051922695954846,4.2113353354723406e-05,1.807788404393227,0.0006317003003208511,
99年新竹縣,21,60,21,105,40,318,1427.5369,513015,0.042030437181693865,0.00011695564457179615,0.014710653013592853,4.0934475600128655e-05,0.07355326506796427,0.00020467237800064325,0.028020291454462578,7.797042971453076e-05,0.2227613170629775,0.0006198649162305195,
101年基隆市,10,37,34,54,18,234,132.7589,377153,0.2787007123439558,9.810342221856913e-05,0.2561033572890405,9.014909068733379e-05,0.40675239098847604,0.000143177967562236,0.13558413032949201,4.7725989187412e-05,1.7625936942833962,0.0006204378594363561,
95年基隆市,0,46,26,55,17,193,132.7589,390633,0.34649277750870183,0.00011775758832459112,0.19584374380926625,6.655863687911671e-05,0.41428484267344784,0.00014079711647505458,0.12805167864452024,4.351910872865324e-05,1.4537631751995534,0.000494069881448828,
94年臺東縣,0,33,12,89,18,146,3515.2526,238943,0.009387661074484377,0.00013810825175878766,0.003413694936176137,5.0221182457740966e-05,0.02531823744330635,0.00037247376989491216,0.005120542404264206,7.533177368661146e-05,0.041533288390143,0.0006110243865691818,
